"id_chamado","titulo","entities_id","entidade","categoria","tipo_chamado","prioridade","status_atual","data_abertura","data_solucao","data_fechamento","tempo_resolucao_horas","tempo_fechamento_horas","tempo_solucao_fechamento_horas"
91217,AGHU X /  - Avaliar a mudança da situação padrão de pendência de exames de PE para AC - Anderson Pajewski,64,Casos para estudo,AGHU,Incidente,Muito Baixa,Novo,2026-08-28 10:11:42.000,,,,,
91279,SCNES /  - Verificação da possibilidade de eliminar a dependência do banco de dados do CNES na API CNS - Anderson Pajewski,64,Casos para estudo,CNES,Incidente,Muito Baixa,Novo,2026-08-28 13:40:46.000,,,,,
88762,HMMG - FALHA DE ENVIO DE DADOS AO POOL DO PACIENTE - JULIMAR FERNANDES DE OLIVEIRA - 5936 - ,58,Informação,AGHU-X,Incidente,Média,Novo,2026-08-06 12:08:16.000,,,,,
90096,Implementação de filtro de medicamentos fora do período de tratamento na integração AGHU x Unihealth,58,Informação,AGHU-X,Requisição,Muito Alta,Processando,2026-08-06 15:00:00.000,,,,,
89063,HMMG - COMPLETUDE DE DADOS EM SOLICITAÇÃO DE EXAMES - JULIMAR FERNANDES DE OLIVEIRA - 5936 - ,58,Informação,,Incidente,Média,Novo,2026-08-10 09:40:10.000,,,,,
89251,HMMG - HMMG - FALHA DE VISUALIZAÇÃO DE DADOS AO POOL DO PACIENTE - JULIMAR FERNANDES DE OLIVEIRA - 5933 - ,58,Informação,,Incidente,Média,Novo,2026-08-11 10:40:22.000,,,,,
90378,Correções para o relatório de CID da Central de Relatórios - CCIH,58,Informação,,Requisição,Média,Processando,2026-08-20 15:30:00.000,,,,,
91814,AGHU X /  - Alteração do responsável pela grade PS Clínica Médica no CHPEO - Leonardo Fantini,58,Informação,AGHU-X,Requisição,Média,Novo,2026-09-02 07:59:55.000,,,,,
88230,Atualização do AGHUX – Exibição de Nome Social,28,Projetos,Sistemas de Informação,Requisição,Alta,Planejado,2026-08-03 10:02:51.000,,,,,
88282,Não Informado / API-IBC - Correção de dados retornados após cancelamento de atendimento no aghu - Gerson Gabriel de Oliveira da Silva,28,Projetos,Sistemas de Informação,Requisição,Média,Fechado,2026-08-03 12:50:43.000,2026-08-19 09:34:23.000,2026-08-19 09:34:36.000,380.72,380.72,0.00
88494,Criação de página de login - RMG Dashboard,28,Projetos,Sistemas de Informação,Requisição,Alta,Fechado,2026-08-04 13:47:31.000,2026-09-14 14:58:13.000,2026-09-14 14:58:28.000,985.17,985.17,0.00
88508,[Sistemas] Outro — Atualizar o Planka com código do Bruno  https://github.com/plankanban/planka/compare/master...brunofreitasspe:planka:master,28,Projetos,Sistemas de Informação,Requisição,Média,Solucionado,2026-08-04 15:10:08.000,2026-09-24 16:17:47.000,,1225.12,,
88512,[Sistemas] Outro — Fazer um pdf editável com o dado do prontuário preeenchedo o cabeçalho da APAC -- esperarar receber os dados,28,Projetos,Sistemas de Informação,Requisição,Alta,Solucionado,2026-08-04 15:32:49.000,2026-09-14 14:57:24.000,,983.40,,
89670,[Sistemas] Outro — Atualizacao na FA do termo sus para cns e cns para outro termo médico perguntar para o carlos quando pegar,28,Projetos,AGHU,Requisição,Baixa,Novo,2026-08-14 18:07:52.000,,,,,
93838,Etiqueta de exames Oncologia ,28,Projetos,Impressão de Etiquetas,Requisição,Média,Fechado,2026-09-21 15:03:50.000,2026-09-25 08:31:24.000,2026-09-25 08:31:29.000,89.45,89.45,0.00
88265,[Intranet / Site] [Intranet HMMG] Remoção-Cristina de Oliveira Silva - PATRIMÔNIO,14,Sistemas,Intranet,Requisição,Média,Solucionado,2026-08-03 11:26:31.000,2026-08-04 09:25:16.000,,21.97,,
88449,[HMMG] Remover o nome do LEONARDO FANTINI como responsável do Pronto Socorro Adulto.,14,Sistemas,AGHU-X,Requisição,Crítica,Solucionado,2026-08-03 12:00:00.000,2026-08-06 11:27:48.000,,71.45,,
88303,Chamados interno - CRIAÇÃO DE ACESSO INTRANET - 44283322890 - ,14,Sistemas,Intranet,Requisição,Baixa,Solucionado,2026-08-03 14:24:17.000,2026-08-05 14:21:43.000,,47.95,,
88306,Chamados interno - VERIFICAÇÃO DE POSSIBILIDADE DE CRIAÇÃO DE NOVA FILA PARA IMPRESSÃO DE ETIQUETAS CME - 44283322890 - ,14,Sistemas,Intranet,Requisição,Baixa,Solucionado,2026-08-03 14:29:28.000,2026-08-31 10:23:30.000,,667.90,,
88365,medica não consegue dar alta em paciente quando clica para a reavaliação ,14,Sistemas,AGHU-X,Incidente,Média,Solucionado,2026-08-03 16:34:23.000,2026-08-05 08:57:27.000,,40.38,,
88406,[Sistemas] Outro — o link da resolução do asset esta vazio https://redemariogatti.sp.gov.br/assets/Resolucao152026NormasCapacidadeTecnica,14,Sistemas,site Institucional,Incidente,Muito Alta,Solucionado,2026-08-04 08:31:53.000,2026-08-04 09:23:21.000,,0.85,,
88431,[Intranet / Site] [Intranet HMMG] Atualização-Karla Cristina de Almeida - NQSP,14,Sistemas,Intranet,Requisição,Média,Solucionado,2026-08-04 09:52:50.000,2026-08-05 11:38:28.000,,25.75,,
88446,Extração de links e titulos da intranet nova de homologa,14,Sistemas,Alteração/Publicação Intranet,Requisição,Média,Solucionado,2026-08-04 10:50:09.000,2026-08-04 11:06:30.000,,0.27,,
88554,[HMMG] Medica não consegue prescrever para o paciente na Internação ,14,Sistemas,AGHU-X,Incidente,Média,Solucionado,2026-08-05 03:08:08.000,2026-08-05 13:31:57.000,,10.38,,
88573,"HMMG - Solicito substituição da arte ""aposentados do mês"", de julho, para o de Agosto - Vitória Leme de Paulo Queiroz - 5853 - ",14,Sistemas,Intranet,Requisição,Média,Solucionado,2026-08-05 09:00:41.000,2026-08-05 11:02:43.000,,2.03,,
88608,Extração de relatório 07/26 - Biomega,14,Sistemas,LIS x AGHU,Requisição,Alta,Fechado,2026-08-05 11:12:13.000,2026-08-10 15:32:06.000,2026-08-10 15:33:27.000,124.32,124.35,0.02
88612,Chamado interno - Leito 07a não aparece no censo - 54942574870 - Chamado:  ,14,Sistemas,AGHU-X,Incidente,Média,Solucionado,2026-08-05 11:18:11.000,2026-08-05 12:35:34.000,,1.28,,
88637,[Intranet / Site] [Intranet HMMG] Inclusão-JULIA VIEIRA - PATRIMÔNIO,14,Sistemas,Intranet,Requisição,Baixa,Solucionado,2026-08-05 14:06:50.000,2026-08-06 08:14:56.000,,18.13,,
88665,Atualização semanal CNES 05/08/26 GATTI e CHOV,14,Sistemas,SCNES,Requisição,Média,Solucionado,2026-08-05 16:03:31.000,2026-08-05 16:39:55.000,,0.60,,
88694,"AGHU X /  - Não existe evento aberto para este paciente, favor entrar em contato com o Administrador do sistema - Anderson Pajewski",14,Sistemas,AGHU-X,Requisição,Média,Fechado,2026-08-06 08:22:03.000,2026-08-07 16:04:30.000,2026-08-14 07:34:58.000,31.70,191.20,159.50
88705,[Intranet / Site] [Intranet CHPEO] Atualização-JONATHAN BIAJO - SCIH,14,Sistemas,Intranet,Requisição,Média,Solucionado,2026-08-06 09:00:37.000,2026-08-06 09:50:16.000,,0.82,,
88718,Extração de listagem de candidatos - Processo Seletivo 003/2026,14,Sistemas,Processos Seletivos,Requisição,Média,Fechado,2026-08-06 09:59:32.000,2026-08-06 11:09:33.000,2026-08-06 11:09:53.000,1.17,1.17,0.00
88755,[Intranet / Site] [Intranet HMMG] Inclusão-Karla - NQSP,14,Sistemas,Intranet,Requisição,Média,Solucionado,2026-08-06 11:52:30.000,2026-08-07 08:19:49.000,,20.45,,
88759,[Sistemas] Outro — Atendimento travado,14,Sistemas,AGHU-X,Incidente,Média,Solucionado,2026-08-06 12:03:20.000,2026-08-07 10:23:49.000,,22.33,,
88763,HMMG - PACIENTES NÃO ESTAO NO CENSO AGHU. - Lisanne Belizario - 5920 - ,14,Sistemas,AGHU-X,Incidente,Média,Solucionado,2026-08-06 12:11:35.000,2026-08-06 13:07:33.000,,0.92,,
88796,HMMG - MAPA DE DIETAS COM BUG - STEFANY ROCHA GUILHERME - 5820 - ,14,Sistemas,Intranet,Incidente,Média,Solucionado,2026-08-06 14:38:00.000,2026-08-06 15:50:19.000,,1.20,,
88846,HMMG - MAPA DE DIETA - NATALIA CAROLINE DE AZEVEDO - 5771 - ,14,Sistemas,,Requisição,Média,Solucionado,2026-08-07 09:16:11.000,2026-08-10 08:52:12.000,,71.60,,
88912,[Intranet / Site] [Intranet HMMG] Inclusão-Karla  - NQSP,14,Sistemas,Intranet,Requisição,Média,Solucionado,2026-08-07 14:35:48.000,2026-08-10 08:44:58.000,,66.15,,
89017,Cancelar consulta Paciente AGHUX - PSA HMMG,14,Sistemas,AGHU-X,Requisição,Média,Solucionado,2026-08-09 16:18:22.000,2026-08-10 09:07:06.000,,16.80,,
89064,HMMG - CHAT BOT  - DANIELLY GIL - 4351 - ,14,Sistemas,Sistemas de Informação,Incidente,Média,Solucionado,2026-08-10 09:46:09.000,2026-08-21 13:30:12.000,,267.73,,
89094,[Intranet / Site] [Site RMG] Inclusão-Mary Cristina Hernandez Xavier - Informação,14,Sistemas,Intranet,Requisição,Média,Solucionado,2026-08-10 10:53:44.000,2026-08-11 10:52:15.000,,23.97,,
89100,Não Informado / Central de Relatórios - Deploy de sistema - Gerson Gabriel De Oliveira da Silva,14,Sistemas,,Incidente,Média,Fechado,2026-08-10 11:06:56.000,2026-08-10 11:17:56.000,2026-08-10 11:21:14.000,0.18,0.23,0.05
89114,[Intranet / Site] [Intranet HMMG] Inclusão-Leticia Francisco Palermo - Humanização,14,Sistemas,Intranet,Requisição,Média,Solucionado,2026-08-10 12:16:31.000,2026-08-10 12:46:49.000,,0.50,,
89131,[Sistemas] Outro — Publicação de dois Zips como assets no site institucional,14,Sistemas,Publicação em Sites,Requisição,Muito Alta,Solucionado,2026-08-10 13:45:52.000,2026-08-10 15:27:48.000,,1.68,,
89135,Chamados interno - Publicação - Processo Seletivo - 44197376898 - ,14,Sistemas,Processos Seletivos,Requisição,Média,Fechado,2026-08-10 14:09:28.000,2026-08-11 16:12:24.000,2026-08-11 16:12:42.000,26.03,26.05,0.00
89155,"[Sistemas] Outro — Falha no Chatbot: Interrupção no envio de OS, perda de variáveis no preenchimento e fluxo de Climatização parado",14,Sistemas,Sistemas de Informação,Incidente,Média,Fechado,2026-08-10 15:26:13.000,2026-08-24 08:15:23.000,2026-08-25 13:27:18.000,328.82,358.02,29.18
89204,[Intranet / Site] [Intranet HMMG] Inclusão-Karla Almeida - NQSP,14,Sistemas,Intranet,Requisição,Média,Solucionado,2026-08-11 07:57:23.000,2026-08-11 08:40:35.000,,0.72,,
89236,[Intranet / Site] [Intranet HMMG] Inclusão-Taís Ferreira de Barros - UST,14,Sistemas,Intranet,Requisição,Média,Solucionado,2026-08-11 09:34:29.000,2026-08-11 10:56:16.000,,1.35,,
89269,[Intranet / Site] [Intranet HMMG] Inclusão-Karla Almeida - NQSP,14,Sistemas,Intranet,Requisição,Média,Solucionado,2026-08-11 11:37:35.000,2026-08-13 08:43:19.000,,45.08,,
89284,HMMG - Solicitação de números do PIS – Residentes 2019 a 2024 - Lais de Mello Drumond - 5810 - ,14,Sistemas,Sistemas de residentes,Requisição,Média,Solucionado,2026-08-11 12:07:53.000,2026-08-14 08:32:29.000,,68.40,,
89288,Erro ao solicitar exames na UTI,14,Sistemas,AGHU-X,Requisição,Média,Solucionado,2026-08-11 12:32:58.000,2026-08-13 14:45:09.000,,50.20,,
89291,AGHU X /  - Pedido de médica para receber a lista de cirurgias realizadas por ela nos hospitais da RMG - Anderson Pajewski,14,Sistemas,AGHU,Requisição,Média,Fechado,2026-08-11 13:15:18.000,2026-09-08 11:48:13.000,2026-09-18 07:51:23.000,670.53,906.60,236.05
89315,Erro no leito ,14,Sistemas,AGHU-X,Requisição,Média,Solucionado,2026-08-11 15:03:55.000,2026-08-11 15:40:58.000,,0.62,,
89490,Intranet /  - Relatório da UPA Campo Grande disponível na área restrita está aberto para qualquer usuário. - Anderson Pajewski,14,Sistemas,Intranet,Requisição,Média,Fechado,2026-08-13 13:45:45.000,2026-08-20 14:49:50.000,2026-09-02 10:16:35.000,169.07,476.50,307.43
89504,[Intranet / Site] [Intranet HMMG] Inclusão-karla almeida - nqsp,14,Sistemas,Intranet,Requisição,Média,Solucionado,2026-08-13 15:11:10.000,2026-08-14 08:35:53.000,,17.40,,
89601,HMMG - Solicitação para medico entrar em laudo de paciente.  - KATLYN LUISA - 5817 - ,14,Sistemas,Usuários Intranet,Incidente,Média,Solucionado,2026-08-14 10:10:47.000,2026-08-14 15:35:58.000,,5.42,,
89620,HMMG - Solicito a criação de link para anexo de resolução  - Julia  - 5910 - ,14,Sistemas,Publicação em Sites,Requisição,Média,Solucionado,2026-08-14 11:52:15.000,2026-08-14 15:32:24.000,,3.67,,
89645,PROCESSO SELETIVO SIMPLIFICADO EMERGENCIAL Nº01/2026,14,Sistemas,Intranet,Requisição,Média,Fechado,2026-08-14 14:40:41.000,2026-08-14 15:34:34.000,2026-08-14 15:34:42.000,0.88,0.90,0.00
89647,HMMG - Sistema que acessa através do INTRANET para ver LAUDOS. - Emilly Julia da Silva Oliveira - 4928 - ,14,Sistemas,Intranet,Incidente,Média,Solucionado,2026-08-14 14:53:52.000,2026-08-17 09:33:06.000,,66.65,,
89742,HMMG - O ITEM 8B DA SALA VERDE O 8B - NUMERO 2249894- LUIZ CARLOS BELIZARIO . - LUCIVANIA - 5733 - ,14,Sistemas,AGHU,Requisição,Média,Solucionado,2026-08-16 17:37:44.000,2026-08-18 10:29:02.000,,40.85,,
89745,HMMG - PACIENTE E LEITOS SUMINDO DO CENSO.  - Lisanne Belizario - 5920 - ,14,Sistemas,AGHU-X,Requisição,Média,Solucionado,2026-08-16 18:05:29.000,2026-08-17 10:35:41.000,,16.50,,
89837,ERRO AO PRESCREVER (cópia),14,Sistemas,AGHU-X,Requisição,Média,Solucionado,2026-08-16 20:13:59.000,2026-08-17 11:59:52.000,,15.75,,
89772,AGHU X /  - Paciente apresentando a mensagem: Paciente informado não possui atendimento para registro de prescrição médica - Anderson Pajewski,14,Sistemas,AGHU-X,Requisição,Alta,Fechado,2026-08-17 08:05:00.000,2026-08-17 11:55:41.000,2026-09-02 10:21:51.000,3.83,386.27,382.43
89779,HMMG - 2 leitos sumiram do censo aghu - mirella castro dias - 5954 - ,14,Sistemas,AGHU,Incidente,Média,Solucionado,2026-08-17 08:22:05.000,2026-08-17 10:28:04.000,,2.08,,
89783,HMMG - ETIQUETA ESTA SAINDO  NO PSA - LINDINÊS BATISTA ALMEIDA  - 4300 - ,14,Sistemas,Sistema de Etiquetas,Requisição,Média,Solucionado,2026-08-17 08:25:16.000,2026-09-08 15:16:47.000,,534.85,,
89826,Mirella do NIR informou que foi dado óbito mas paciente ainda aparece no censo,14,Sistemas,AGHU-X,Incidente,Média,Fechado,2026-08-17 10:31:32.000,2026-08-17 13:40:07.000,2026-08-17 14:35:33.000,3.13,4.07,0.92
89836,HMMG - . - KIMBERLLY LETICIA ALVES PEREIRA - 5920 - ,14,Sistemas,AGHU-X,Requisição,Média,Solucionado,2026-08-17 10:51:53.000,2026-08-18 10:32:06.000,,23.67,,
89845,Não consegue prescrever paciente,14,Sistemas,AGHU-X,Requisição,Média,Solucionado,2026-08-17 11:20:06.000,2026-08-18 10:27:38.000,,23.12,,
89861,HMMG - ATUALIZAR TABELA - DAIANE CRISTINA ALVES BELARMINO - 5848 - ,14,Sistemas,SisHosp,Requisição,Média,Solucionado,2026-08-17 12:05:15.000,2026-08-19 14:56:14.000,,50.83,,
89863,Sheila do chov solicitou permissao para imprimir o relatorio do cnes,14,Sistemas,CNES,Requisição,Média,Fechado,2026-08-17 12:06:38.000,2026-08-17 12:10:56.000,2026-08-17 12:11:04.000,0.07,0.07,0.00
89906,Internal Sever Error no atendimento,14,Sistemas,AGHU-X,Requisição,Média,Fechado,2026-08-17 14:05:40.000,2026-08-17 14:33:00.000,2026-08-17 14:33:10.000,0.45,0.45,0.00
90018,HMMG - Falha ao dar alta para paciente - Fernando Giovanelli do Nascimento - 5753 - ,14,Sistemas,AGHU-X,Requisição,Média,Solucionado,2026-08-18 10:09:24.000,2026-08-18 14:26:08.000,,4.27,,
90023,Fernando do NIR nao consegue dar alta para o paciente,14,Sistemas,AGHU-X,Requisição,Média,Fechado,2026-08-18 10:33:55.000,2026-08-18 10:39:06.000,2026-08-18 10:39:13.000,0.08,0.08,0.00
90137,Localizar Agendamento feito atraves do usuário 36427635883,14,Sistemas,AGHU,Requisição,Muito Alta,Solucionado,2026-08-18 12:00:00.000,2026-08-19 08:55:45.000,,20.92,,
90085,[Sistemas] Outro — Erro ao prescrever para o paciente,14,Sistemas,AGHU-X,Requisição,Média,Solucionado,2026-08-18 15:30:07.000,2026-08-19 12:21:52.000,,20.85,,
90087,HMMG - Solicitação de configuração de lotes de exames no AGHUX - paulo roberto tanibata - 509 - ,14,Sistemas,AGHU-X,Requisição,Média,Solucionado,2026-08-18 15:35:57.000,2026-08-24 09:54:44.000,,138.30,,
90095,HMMG - 214-A não está aparecendo no senso da enfermaria - Fernando Giovanelli do Nascimento - 5753 - ,14,Sistemas,AGHU-X,Requisição,Média,Solucionado,2026-08-18 16:32:17.000,2026-08-19 08:24:04.000,,15.85,,
90117,HMMG - leito sumiu e outro não movimenta - mirella castro dias - 5954 - ,14,Sistemas,AGHU-X,Requisição,Média,Solucionado,2026-08-19 07:43:40.000,2026-08-19 12:17:48.000,,4.57,,
90164,Publicação - Processo Seletivo 01/2026,14,Sistemas,Processos Seletivos,Requisição,Média,Fechado,2026-08-19 09:34:40.000,2026-08-19 09:42:24.000,2026-08-19 09:42:32.000,0.12,0.12,0.00
90167,Processo Seletivo 02/2026,14,Sistemas,Processos Seletivos,Requisição,Média,Fechado,2026-08-19 09:43:20.000,2026-08-19 09:54:49.000,2026-08-19 09:55:16.000,0.18,0.18,0.00
90292,Relatório da primeira quinzena de Agosto/26 - Biomega,14,Sistemas,LIS x AGHU,Requisição,Alta,Fechado,2026-08-19 10:45:20.000,2026-08-20 12:18:12.000,2026-08-20 12:18:20.000,25.53,25.55,0.00
90195,CHPEO - profissional não consegue reabrir POL na grade  - jocelena favaron - 8307 -  ,14,Sistemas,AGHU-X,Requisição,Média,Solucionado,2026-08-19 11:39:07.000,2026-09-14 10:57:00.000,,623.28,,
90209,Erro ao dar alta,14,Sistemas,AGHU-X,Requisição,Média,Fechado,2026-08-19 13:07:23.000,2026-08-19 15:00:34.000,2026-08-19 15:00:42.000,1.88,1.88,0.00
90213,[Intranet / Site] [Intranet HMMG] Atualização-Taís Ferreira de Barros - UST,14,Sistemas,Intranet,Requisição,Média,Solucionado,2026-08-19 13:49:32.000,2026-08-20 07:39:07.000,,17.82,,
90215,[Intranet / Site] [Intranet HMMG] Remoção-Letícia Francisco Palermo - Humanização,14,Sistemas,Intranet,Requisição,Média,Solucionado,2026-08-19 14:08:30.000,2026-08-20 08:39:31.000,,18.52,,
90296,Não é possível inserir procedimentos nos atendimentos ambulatoriais,14,Sistemas,AGHU 6,Requisição,Média,Fechado,2026-08-20 10:03:20.000,2026-08-20 15:50:34.000,2026-08-20 15:50:48.000,5.78,5.78,0.00
90312,[Intranet / Site] [Intranet HMMG] Inclusão-Rayssa Cunha  - Divisão de enfermagem ,14,Sistemas,Intranet,Requisição,Média,Solucionado,2026-08-20 11:08:45.000,2026-08-21 09:36:57.000,,22.47,,
90319,HMMG - PACIENTE FORA DO SISTEMA INTRANET - GABRIEL DE CAMPOS BERNARDES - 5918 - ,14,Sistemas,AGHU-X,Requisição,Média,Solucionado,2026-08-20 11:20:41.000,2026-08-20 17:08:45.000,,5.80,,
90362,Procedimento não encontrado em Especialidade/Agenda,14,Sistemas,AGHU 6,Requisição,Média,Fechado,2026-08-20 15:42:49.000,2026-08-21 13:17:00.000,2026-08-21 13:17:07.000,21.57,21.57,0.00
90406,ERRO AO TRIAR-UPA ANCHIETA-PSI,14,Sistemas,AGHU-X,Incidente,Média,Solucionado,2026-08-21 07:39:30.000,2026-08-24 12:22:51.000,,76.72,,
90496,Publicação - Processo Seletivo 01/2026,14,Sistemas,Processos Seletivos,Requisição,Média,Fechado,2026-08-21 13:13:45.000,2026-08-21 13:31:29.000,2026-08-21 13:31:34.000,0.28,0.28,0.00
90502,[Intranet / Site] [Intranet HMMG] Remoção-Rayssa Cunha - divisao de enfermagem,14,Sistemas,Intranet,Requisição,Média,Solucionado,2026-08-21 15:23:16.000,2026-08-21 16:51:31.000,,1.47,,
90505,Não Informado / Api-Autenticação - Alteração no codigo para identificação de email no AD - Gerson Gabriel,14,Sistemas,,Incidente,Média,Fechado,2026-08-21 15:34:04.000,2026-08-24 16:00:14.000,2026-08-24 16:00:20.000,72.43,72.43,0.00
90581,[Intranet / Site] [Site RMG] Inclusão-ELIANA DOS SANTOS PAIÃO PEREIRA - NEP,14,Sistemas,Intranet,Requisição,Média,Solucionado,2026-08-24 07:24:05.000,2026-08-26 08:35:11.000,,49.18,,
90620,HMMG - paciente do 102-b Geni rodrigues barros esta de alta mas consta no censo - Mirella Castro Dias - 5954 - ,14,Sistemas,AGHU-X,Requisição,Média,Solucionado,2026-08-24 09:53:33.000,2026-08-24 12:19:12.000,,2.42,,
90639,Relatório 01/08/26 a 24/08/26 - Biomega,14,Sistemas,LIS x AGHU,Requisição,Alta,Solucionado,2026-08-24 11:22:06.000,2026-08-24 14:09:46.000,,2.78,,
90646,HMMG - Alta no sistema  - Taliliane Crispiniani - 5765 - ,14,Sistemas,AGHU-X,Incidente,Média,Solucionado,2026-08-24 12:19:39.000,2026-08-24 16:15:40.000,,3.93,,
90655,[Intranet / Site] [Intranet HMMG] Inclusão-karla almeida - NQSP,14,Sistemas,Intranet,Requisição,Média,Solucionado,2026-08-24 13:04:28.000,2026-08-24 13:56:55.000,,0.87,,
90657,[Intranet / Site] [Site RMG] Atualização-ELIANA DOS SANTOS PAIÃO PEREIRA - NEP,14,Sistemas,,Incidente,Média,Solucionado,2026-08-24 13:11:04.000,2026-08-26 13:06:08.000,,47.92,,
90659,[Intranet / Site] [Site RMG] Atualização-ELIANA DOS SANTOS PAIÃO PEREIRA - NEP,14,Sistemas,Publicação em Sites,Requisição,Média,Solucionado,2026-08-24 13:14:22.000,2026-08-26 13:45:26.000,,48.52,,
90661,[Intranet / Site] [Site RMG] Atualização-ELIANA DOS SANTOS PAIÃO PEREIRA - NEP,14,Sistemas,Publicação em Sites,Requisição,Média,Solucionado,2026-08-24 13:32:03.000,2026-08-26 13:48:48.000,,48.27,,
90662,[Intranet / Site] [Site RMG] Remoção-ELIANA DOS SANTOS PAIÃO PEREIRA - NEP,14,Sistemas,Publicação em Sites,Requisição,Média,Solucionado,2026-08-24 13:33:45.000,2026-08-26 13:52:53.000,,48.32,,
90690,[Intranet / Site] [Site RMG] Atualização-ELIANA DOS SANTOS PAIÃO PEREIRA - NEP,14,Sistemas,Publicação em Sites,Requisição,Média,Solucionado,2026-08-24 15:15:38.000,2026-08-26 13:58:35.000,,46.70,,
90789,"HMMG - Solicito substituição de arte de aposentados, de Agosto para de Setembro, por favor. - Vitória Leme de Paulo Queiroz - 5853 - ",14,Sistemas,Intranet,Requisição,Média,Solucionado,2026-08-25 11:00:30.000,2026-08-25 11:29:31.000,,0.48,,
90795,Receita Ferederal,14,Sistemas,AGHU-X,Requisição,Média,Fechado,2026-08-25 11:20:56.000,2026-08-27 09:07:10.000,2026-08-27 09:07:17.000,45.77,45.77,0.00
90840,Publicação - Processo Seletivo,14,Sistemas,Processos Seletivos,Requisição,Média,Fechado,2026-08-25 13:47:08.000,2026-08-25 13:54:42.000,2026-08-25 13:54:59.000,0.12,0.12,0.00
90843,[Intranet / Site] [Intranet CHPEO] Atualização-JONATHAN BIAJO - SCIH,14,Sistemas,Publicação em Sites,Requisição,Média,Solucionado,2026-08-25 14:07:37.000,2026-08-26 16:04:05.000,,25.93,,
90885,HMMG - ROGERIA JOSEFA RODRIGUES DIAS PEREIRA	 - Kimberlly Leticia Alves Pereira - 4377 - ,14,Sistemas,AGHU-X,Requisição,Média,Solucionado,2026-08-25 18:39:22.000,2026-08-26 08:41:39.000,,14.03,,
90907,HMMG - Alteração de Nome no site institucional  - Carlos Araki  - 5893 - ,14,Sistemas,Sistemas de Informação,Requisição,Média,Solucionado,2026-08-26 07:41:55.000,2026-08-26 11:23:18.000,,3.68,,
90974,[Intranet / Site] [Intranet CHPEO] Inclusão-Haira Caverzan - Diretoria,14,Sistemas,Publicação em Sites,Requisição,Média,Solucionado,2026-08-26 11:24:19.000,2026-08-28 10:30:43.000,,47.10,,
91003,HMMG - solicito a alteração do conteúdo de um link - Julia - 5843 - ,14,Sistemas,Publicação em Sites,Requisição,Média,Solucionado,2026-08-26 14:15:29.000,2026-08-26 15:25:36.000,,1.17,,
91016,Publicacao processo seletivo,14,Sistemas,Publicação em Sites,Requisição,Média,Fechado,2026-08-26 15:45:36.000,2026-08-27 08:37:48.000,2026-08-27 08:38:01.000,16.87,16.87,0.00
91017,Atulizacacao do cnes,14,Sistemas,CNES,Requisição,Média,Fechado,2026-08-26 15:46:07.000,2026-08-27 08:27:17.000,2026-08-27 08:27:22.000,16.68,16.68,0.00
91018,Atulizacacao do cnes do chov,14,Sistemas,SCNES,Requisição,Média,Fechado,2026-08-26 15:46:36.000,2026-08-27 08:41:36.000,2026-08-27 08:42:10.000,16.92,16.92,0.00
91029,HMMG - RELATÓRIO / PLANILHA DO AGHUX CONTENDO INFORMAÇÕES REFERENTES AOS DADOS BÁSICOS DE PACIENTES - ANA ELISA NARDO - 5936 - ,14,Sistemas,Relatórios Externos,Requisição,Alta,Solucionado,2026-08-26 17:14:26.000,2026-08-28 12:08:55.000,,42.90,,
91079,[Intranet / Site] [Intranet CHPEO] Atualização-JONATHAN BIAJO - SCIH,14,Sistemas,Intranet,Requisição,Média,Solucionado,2026-08-27 10:21:50.000,2026-08-28 11:07:26.000,,24.75,,
91080,HMMG - solicito inclusão de banner no intranet - julia vieira - 5910 - ,14,Sistemas,Intranet,Requisição,Média,Solucionado,2026-08-27 10:28:13.000,2026-08-28 09:10:17.000,,22.70,,
91112,HMMG - Numero de prontuario. - Katlyn Luisa Alves - 5817 - ,14,Sistemas,AGHU 6,Incidente,Média,Solucionado,2026-08-27 12:43:55.000,2026-08-28 08:38:05.000,,19.90,,
91115,Recepcao nao consegue abrir ficha do paciente,14,Sistemas,AGHU-X,Requisição,Média,Planejado,2026-08-27 13:19:34.000,,,,,
91122,Não consegue atender paciente no PSI,14,Sistemas,AGHU,Incidente,Média,Solucionado,2026-08-27 13:36:18.000,2026-08-28 12:58:06.000,,23.35,,
91143,Alteração no site Rede Mario Gatti,14,Sistemas,Publicação em Sites,Requisição,Média,Fechado,2026-08-27 15:52:52.000,2026-08-28 14:56:15.000,2026-08-28 14:56:23.000,23.05,23.05,0.00
91144,Alteração no site Rede Mario Gatti,14,Sistemas,Publicação em Sites,Requisição,Média,Fechado,2026-08-27 15:53:01.000,2026-08-28 14:55:13.000,2026-08-28 14:55:23.000,23.03,23.03,0.00
91149,CHPEO - Solicito a inserção do banner de patrimonio na intranet do chov  - JULIA - 5910 -  ,14,Sistemas,Intranet,Requisição,Média,Solucionado,2026-08-27 16:37:07.000,2026-08-28 15:30:50.000,,22.88,,
91202,HMMG - A recepção não consegue abrir ficha para a paciente Ivana Souza dos Santos  - Ana Carolina - 5904 - ,14,Sistemas,AGHU-X,Incidente,Média,Solucionado,2026-08-28 09:31:36.000,2026-08-28 14:53:43.000,,5.37,,
91225,[Central Admin] Pesquisa Cartão Nacional de Saúde (CNS) está fora do ar,14,Sistemas,Central Admin,Incidente,Média,Solucionado,2026-08-28 10:49:52.000,2026-08-28 12:02:43.000,,1.20,,
91238,[Intranet / Site] [Intranet HMMG] Atualização-Karla C. de Almeida - NQSP,14,Sistemas,Intranet,Requisição,Média,Solucionado,2026-08-28 11:26:24.000,2026-09-01 08:49:59.000,,93.38,,
91241,[Intranet / Site] [Intranet HMMG] Inclusão-Karla Almeida - NQSP,14,Sistemas,Intranet,Requisição,Média,Solucionado,2026-08-28 11:29:56.000,2026-09-01 08:51:30.000,,93.35,,
91247,[Intranet / Site] [Intranet HMMG] Atualização-Karla - NQSP,14,Sistemas,Intranet,Requisição,Média,Solucionado,2026-08-28 11:35:02.000,2026-08-31 12:21:07.000,,72.77,,
91254,[Intranet / Site] [Site RMG] Erro-Carmen - Núcleo de Informação,14,Sistemas,Usuários Intranet,Incidente,Média,Solucionado,2026-08-28 11:51:54.000,2026-08-28 15:29:35.000,,3.62,,
91275,[Intranet / Site] [Intranet HMMG] Atualização-Ilsen Fatarelli - NQSP,14,Sistemas,Intranet,Requisição,Média,Solucionado,2026-08-28 13:16:53.000,2026-08-31 12:17:43.000,,71.00,,
91277,[Intranet / Site] [Intranet HMMG] Atualização-Ilsen Fatarelli - NQSP,14,Sistemas,Intranet,Requisição,Média,Solucionado,2026-08-28 13:34:37.000,2026-08-31 12:17:05.000,,70.70,,
91280,[Intranet / Site] [Intranet HMMG] Atualização-Ilsen Fatarelli - NQSP,14,Sistemas,Intranet,Requisição,Média,Solucionado,2026-08-28 13:42:32.000,2026-08-31 12:19:37.000,,70.62,,
91297,[Intranet / Site] [Intranet CHPEO] Remoção-Vanessa Somera  - Patrimônio CHPEO,14,Sistemas,Alteração/Publicação Intranet,Requisição,Média,Solucionado,2026-08-28 14:51:06.000,2026-08-31 10:32:29.000,,67.68,,
91364,HMMG - PACIENTE TEVE ALTA EM 11/06/2026 E AINDA ESTA APARECENDO NO CENSO AZUL - DEBORA MESSIAS BARBOZA SOUSA - 5920 - ,14,Sistemas,AGHU,Incidente,Média,Solucionado,2026-08-29 17:15:37.000,2026-08-31 09:24:55.000,,40.15,,
91365,HMMG - PACIENTE TEVE ALTA EM 30/04/2026 E AINDA CONSTA NO CENSO AZUL  - DEBORA MESSIAS BARBOZA SOUSA - 5915 - ,14,Sistemas,AGHU,Incidente,Média,Solucionado,2026-08-29 17:22:45.000,2026-08-31 09:28:51.000,,40.10,,
91425,"[Sistemas] Outro — AGHUX apresenta problema com dois pacientes que foram a óbito na UTI do Gatii, a tentar dar óbito no sistema o mesmo simplesmente só carrega e não executa a função sem apresentar erro.",14,Sistemas,AGHU,Incidente,Média,Solucionado,2026-08-31 07:16:10.000,2026-08-31 10:12:46.000,,2.93,,
91457,HMMG - RETIRAR ÓBITOS DO SISTEMA - Kimberlly Leticia Alves Pereira - 4377 - ,14,Sistemas,GMUD DB AGHU,Incidente,Média,Solucionado,2026-08-31 09:04:07.000,2026-08-31 10:10:59.000,,1.10,,
91473,HMMG - Falha ao dar alta em pacientes - Fernando Giovanelli do Nascimento - 5753 - ,14,Sistemas,AGHU,Incidente,Média,Solucionado,2026-08-31 09:39:45.000,2026-08-31 11:25:59.000,,1.77,,
91524,[Intranet / Site] [Intranet HMMG] Atualização-Jane Fatarelli - NQSP,14,Sistemas,Intranet,Requisição,Média,Solucionado,2026-08-31 12:14:22.000,2026-08-31 12:46:31.000,,0.53,,
91571,[SCNES] Problema para acessar o SCNES - Sheila,14,Sistemas,SCNES,Incidente,Média,Solucionado,2026-08-31 15:20:08.000,2026-08-31 15:22:38.000,,0.03,,
91585,[Intranet / Site] [Intranet HMMG] Atualização-ELIANA DOS SANTOS PAIÃO PEREIRA - NEP,14,Sistemas,Intranet,Requisição,Média,Solucionado,2026-08-31 15:40:04.000,2026-09-01 08:36:56.000,,16.93,,
91586,[Intranet / Site] [Site RMG] Inclusão-ELIANA DOS SANTOS PAIÃO PEREIRA - NEP,14,Sistemas,Publicação em Sites,Requisição,Média,Solucionado,2026-08-31 15:41:05.000,2026-09-01 09:08:01.000,,17.43,,
91661,Usuario nao sabe a senha para acessar o central admin,14,Sistemas,Usuários Central Admin,Requisição,Média,Fechado,2026-09-01 08:30:10.000,2026-09-01 09:09:41.000,2026-09-01 09:09:48.000,0.65,0.65,0.00
91678,[Intranet / Site] [Intranet HMMG] Atualização-Jane Fatarelli - NQSP,14,Sistemas,Intranet,Requisição,Média,Solucionado,2026-09-01 09:23:42.000,2026-09-02 11:47:03.000,,26.38,,
91696,[Intranet / Site] [Intranet HMMG] Atualização-Karla Cristina de Almeida - NQSP,14,Sistemas,Intranet,Requisição,Média,Solucionado,2026-09-01 09:50:01.000,2026-09-03 09:16:24.000,,47.43,,
91717,[Intranet / Site] [Intranet HMMG] Atualização-Jane Fatarelli - NQSP,14,Sistemas,Intranet,Requisição,Média,Solucionado,2026-09-01 10:40:53.000,2026-09-01 11:15:11.000,,0.57,,
91761,[Intranet / Site] [Intranet HMMG] Remoção-Rayssa Cunha  - Divisão de enfermagem ,14,Sistemas,Passagem de Plantão,Requisição,Média,Solucionado,2026-09-01 14:07:10.000,2026-09-01 14:38:23.000,,0.52,,
91782,[Intranet / Site] [Site RMG] Atualização-ELIANA DOS SANTOS PAIÃO PEREIRA - NEP,14,Sistemas,Publicação em Sites,Requisição,Média,Solucionado,2026-09-01 16:12:36.000,2026-09-02 08:57:15.000,,16.73,,
91977,Ajuste de card Fichas Finalizadas - RMG Dashboard,14,Sistemas,Sistemas de Informação,Requisição,Muito Alta,Fechado,2026-09-02 08:30:19.000,2026-09-03 10:58:00.000,2026-09-03 10:58:12.000,26.45,26.45,0.00
91975,Extração e análise de relatório mensal - Biomega,14,Sistemas,API Exames,Requisição,Alta,Solucionado,2026-09-02 09:00:20.000,2026-09-08 16:17:24.000,,151.28,,
91838,Criacao de proposta de solucao para nova funcionalidade na intranet,14,Sistemas,Intranet,Requisição,Média,Fechado,2026-09-02 09:17:57.000,2026-09-03 08:53:31.000,2026-09-03 08:53:40.000,23.58,23.58,0.00
91861,UPA São José - Ficha de atendimento do paciente Eufrazio Cataro - Ana Gabriela Godoy - 2774 - ,14,Sistemas,AGHU-X,Requisição,Média,Solucionado,2026-09-02 10:31:08.000,2026-09-10 09:08:50.000,,190.62,,
91867,Pacientes em Acolhimento ,14,Sistemas,AGHU-X,Requisição,Média,Fechado,2026-09-02 11:03:03.000,2026-09-03 08:47:03.000,2026-09-03 08:47:16.000,21.73,21.73,0.00
91892,Paciente com problema na ficha de atendimento,14,Sistemas,AGHU-X,Incidente,Média,Solucionado,2026-09-02 13:40:48.000,2026-09-04 16:07:10.000,,50.43,,
91895,HMMG - Relatório de Suspeitas de Sarampo - Tatiana Camargo Vicente de Morais/ Julimar - 5936 - ,14,Sistemas,AGHU-X,Requisição,Média,Solucionado,2026-09-02 14:03:13.000,2026-09-04 16:19:15.000,,50.27,,
91908,Publicação no site institucional,14,Sistemas,Publicação em Sites,Requisição,Média,Fechado,2026-09-02 15:26:40.000,2026-09-02 16:41:53.000,2026-09-02 16:42:03.000,1.25,1.25,0.00
91917,[SCNES] Atualização semanal GATTI e CHOV,14,Sistemas,CNES,Incidente,Média,Solucionado,2026-09-02 16:07:27.000,2026-09-03 08:19:29.000,,16.20,,
91920,[Intranet / Site] [Site RMG] Inclusão-ELIANA DOS SANTOS PAIÃO PEREIRA - NEP,14,Sistemas,Intranet,Requisição,Média,Solucionado,2026-09-02 16:18:21.000,2026-09-03 09:40:43.000,,17.37,,
91928,[Intranet / Site] [Intranet HMMG] Inclusão-Letícia Francisco Palermo - Humanização,14,Sistemas,Intranet,Requisição,Média,Solucionado,2026-09-02 16:49:11.000,2026-09-03 10:33:48.000,,17.73,,
91980,[IBC] Análise de estrutura do projeto,14,Sistemas,Intranet,Requisição,Média,Solucionado,2026-09-03 10:08:27.000,2026-09-04 15:41:15.000,,29.53,,
91994,HMMG - Tirar paciente do sistema AGHU enfermaria de clínica médica  - Tainá Maria Cavassana - 5809 - ,14,Sistemas,AGHU,Incidente,Média,Solucionado,2026-09-03 10:27:35.000,2026-09-03 12:31:57.000,,2.07,,
91998,apoio ao Joao da Kangoo,14,Sistemas,AGHU-X,Requisição,Média,Fechado,2026-09-03 10:48:33.000,2026-09-03 16:10:24.000,2026-09-03 16:14:26.000,5.35,5.42,0.07
92000,ERRO AO DAR ALTA - HMMG,14,Sistemas,AGHU,Incidente,Média,Solucionado,2026-09-03 10:57:53.000,2026-09-03 12:20:04.000,,1.37,,
92002,[Intranet / Site] [Site RMG] Inclusão-ELIANA DOS SANTOS PAIÃO PEREIRA - NEP,14,Sistemas,Publicação,Requisição,Média,Solucionado,2026-09-03 11:21:37.000,2026-09-04 11:32:30.000,,24.17,,
92069,Publicacao ordem cronologica,14,Sistemas,Publicação em Sites,Requisição,Média,Fechado,2026-09-03 13:19:43.000,2026-09-03 16:07:37.000,2026-09-03 16:08:24.000,2.78,2.80,0.00
92085,[Intranet / Site] [Intranet HMMG] Inclusão-Alex - RH Desenvolvimento,14,Sistemas,Alteração/Publicação Intranet,Requisição,Média,Solucionado,2026-09-03 14:41:27.000,2026-09-03 15:25:03.000,,0.72,,
92152,HMMG - PACIENTE DE ALTA E AINDA SAINDO NO CENSO AZUL - DEBORA MESSIAS BARBOZA SOUSA - 5920 - ,14,Sistemas,AGHU-X,Requisição,Média,Solucionado,2026-09-04 09:45:40.000,2026-09-04 13:55:08.000,,4.15,,
92169,[Intranet / Site] [Site RMG] Remoção-ELIANA DOS SANTOS PAIÃO PEREIRA - NEP,14,Sistemas,Publicação em Sites,Requisição,Média,Solucionado,2026-09-04 11:27:29.000,2026-09-08 09:24:31.000,,93.95,,
92183,[Intranet / Site] [Intranet HMMG] Atualização-KARLA CRISTINA DE ALMEIDA  - NQSP,14,Sistemas,Intranet,Requisição,Média,Solucionado,2026-09-04 12:09:53.000,2026-09-08 08:51:42.000,,92.68,,
92186,HMMG - Erro ao escrever no Aghu 6 descrição cirurgica - Luciana Florian - 5943 - ,14,Sistemas,AGHU 6,Requisição,Média,Solucionado,2026-09-04 12:18:53.000,2026-09-29 11:33:47.000,,599.23,,
92189,[Intranet / Site] [Intranet HMMG] Atualização-KARLA CRISTINA DE ALMEIDA  - NQSP,14,Sistemas,Intranet,Requisição,Média,Solucionado,2026-09-04 12:22:57.000,2026-09-08 08:50:58.000,,92.47,,
92352,"HMMG - PRESCRIÇÃO NO AGHUX - MEDICAÇÕES NO CONTEXTO DE URGÊNCIA/EMERGÊNCIA E APRAZAMENTO ""AGORA"" - ÍTALO DE OLIVEIRA MOREIRA - 5906 - ",14,Sistemas,AGHU-X,Requisição,Média,Solucionado,2026-09-08 03:12:51.000,2026-09-11 10:57:04.000,,79.73,,
92385,Alteração no site institucional ,14,Sistemas,Publicação em Sites,Requisição,Média,Fechado,2026-09-08 09:13:02.000,2026-09-08 09:15:11.000,2026-09-08 09:15:24.000,0.03,0.03,0.00
92390,[Intranet / Site] [Intranet HMMG] Inclusão-Karla Cristina de Almeida - NQSP,14,Sistemas,Intranet,Requisição,Média,Solucionado,2026-09-08 09:18:01.000,2026-09-08 10:05:45.000,,0.78,,
93425,[API IBC] Criação da trigger para envio das tabelas,14,Sistemas,AGHU,Incidente,Média,Solucionado,2026-09-08 09:29:20.000,2026-09-17 13:01:07.000,,219.52,,
92416,Filtro de unidades,14,Sistemas,Nova Intranet,Requisição,Média,Fechado,2026-09-08 10:38:04.000,2026-09-08 14:35:27.000,2026-09-08 14:35:45.000,3.95,3.95,0.00
92427,HMMG - NÁO ESTÁ DANDO PARA EVOLUIR O CADASTRO DO PACIENTE - LUCIANA  - 5868 - ,14,Sistemas,AGHU,Requisição,Média,Solucionado,2026-09-08 11:43:11.000,2026-09-09 11:01:42.000,,23.30,,
92477,HMMG - aghu não permite cadastro - Karine gomes vieira - 5722 - ,14,Sistemas,AGHU-X,Requisição,Média,Solucionado,2026-09-08 17:39:16.000,2026-09-11 09:16:55.000,,63.62,,
92512,"HMMG - CNES NAO RESPONDE, NAO ESTA ABRINDO - jenifer stefani de oliveira queiroz -  - 4384",14,Sistemas,CNES,Incidente,Média,Solucionado,2026-09-09 08:11:49.000,2026-09-09 10:11:54.000,,2.00,,
92543,[Intranet / Site] [Intranet HMMG] Remoção-karla almeida - NQSP,14,Sistemas,Intranet,Requisição,Média,Solucionado,2026-09-09 09:57:26.000,2026-09-09 10:23:27.000,,0.43,,
93802,HMMG - Solicitação de relatório/arquivo internação/alta para faturamento dos exames laboratoriais - Renata Silva - 5848 -,14,Sistemas,Extração de dados AGHU,Requisição,Média,Fechado,2026-09-09 12:31:56.000,2026-09-23 12:04:14.000,2026-09-23 12:04:35.000,335.53,335.53,0.00
92576,HMMG - Solicitação de relatório/arquivo internação/alta para faturamento dos exames laboratoriais - Renata Silva - 5848 - ,14,Sistemas,AGHU,Requisição,Média,Solucionado,2026-09-09 12:31:56.000,2026-09-15 09:34:08.000,,141.03,,
92603,[SCNES] Atualização de tabela Gatti e CHOV 09/09,14,Sistemas,SCNES,Incidente,Média,Solucionado,2026-09-09 16:10:17.000,2026-09-10 11:08:19.000,,18.97,,
92606,Apresentacao da Kangoo,14,Sistemas,AGHU-X,Requisição,Média,Fechado,2026-09-09 16:52:37.000,2026-09-09 16:57:04.000,2026-09-09 16:57:09.000,0.07,0.07,0.00
92633,HMMG - CNES NAO ESTA REPSONDENDO - Jenifer stefani de oliveira queiroz -  - 4384,14,Sistemas,SCNES,Incidente,Média,Solucionado,2026-09-10 08:01:38.000,2026-09-10 11:06:49.000,,3.08,,
92637,Cnes do chov nao esta funcionando,14,Sistemas,SCNES,Incidente,Média,Solucionado,2026-09-10 08:27:16.000,2026-09-10 11:04:50.000,,2.62,,
92688,HMMG - FALHA NA IMPRESSÃO DE TICKET DE EXAMES - JULIMAR FERNANDES DE OLIVEIRA - 5936 - ,14,Sistemas,AGHU-X,Requisição,Média,Planejado,2026-09-10 12:38:05.000,,,,,
92701,CHPEO - ATUALIZAÇÃO DE DOCUMENTOS INTRANET  - JONATHAN BIAJO - 8373 -  ,14,Sistemas,Intranet,Requisição,Média,Solucionado,2026-09-10 13:10:13.000,2026-09-10 15:29:17.000,,2.32,,
92721,HMMG - Dados dos sinais vitais estão repetidos em BE's de dias diferentes - Ana  - 5904 - ,14,Sistemas,AGHU-X,Requisição,Média,Processando,2026-09-10 13:53:55.000,,,,,
92737,[AGHU GATTI] Relatório para extração de medicamento ativo ,14,Sistemas,AGHU,Requisição,Média,Solucionado,2026-09-10 15:12:23.000,2026-09-11 15:16:41.000,,24.07,,
92752,[Intranet / Site] [Site RMG] Inclusão-Mary Hernandez - Informação,14,Sistemas,Publicação em Sites,Requisição,Média,Solucionado,2026-09-10 15:38:35.000,2026-09-11 15:17:34.000,,23.63,,
92756,Publicacao de assets,14,Sistemas,Publicação em Sites,Requisição,Média,Fechado,2026-09-10 16:00:58.000,2026-09-10 16:48:15.000,2026-09-10 16:48:18.000,0.78,0.78,0.00
92776,Pacientes travados em leito,14,Sistemas,AGHU-X,Requisição,Média,Solucionado,2026-09-10 22:12:31.000,2026-09-11 09:01:37.000,,10.82,,
92789,HMMG - SCNES NÃO FUNCIONA  - Emanuelle Correia Pinto Da Silva  - 4384 - ,14,Sistemas,SCNES,Requisição,Média,Solucionado,2026-09-11 07:54:59.000,2026-09-11 09:06:40.000,,1.18,,
92800,HMMG - LEVANTAMENTO DE RELATORIO/PLANILHA - LUDMILLA OLIVEIRA E ALMEIDA - 5936 - ,14,Sistemas,Relatórios Externos,Requisição,Média,Solucionado,2026-09-11 08:39:50.000,2026-09-11 10:16:21.000,,1.60,,
92809,HMMG - LEVANTAMENTO DE RELATORIO/PLANILHAS - LUDMILLA OLIVEIRA E ALMEIDA - 5936 - ,14,Sistemas,AGHU-X,Requisição,Média,Solucionado,2026-09-11 09:04:43.000,2026-09-11 10:18:09.000,,1.22,,
92863,Chamados interno - Paciente não sai da fila do aguardando da emergência PSI - 54942574870 - ,14,Sistemas,AGHU-X,Requisição,Média,Solucionado,2026-09-11 11:00:56.000,2026-09-14 10:23:27.000,,71.37,,
92870,HMMG - Recepção não consegue abrir ficha de atendimento para alguns pacientes - Ana Carolina - 5903 - ,14,Sistemas,AGHU-X,Requisição,Média,Solucionado,2026-09-11 11:41:41.000,2026-09-15 08:32:54.000,,92.85,,
92904,HMMG - substituição de arquivo da area de apoio do patrimonio no intranet - julia vieira - 5910 - ,14,Sistemas,Intranet,Requisição,Média,Solucionado,2026-09-11 15:45:54.000,2026-09-14 09:19:55.000,,65.57,,
93028,HMMG - PACIENTE NÃO APARECE NO AGHU INFO - DEBORA MESSIAS BARBOSA SOUSA - 5920 - ,14,Sistemas,AGHU-X,Requisição,Média,Solucionado,2026-09-14 10:02:38.000,2026-09-18 16:43:39.000,,102.68,,
93037,Publicacao processo seletivo,14,Sistemas,Publicação em Sites,Requisição,Média,Fechado,2026-09-14 10:25:49.000,2026-09-14 10:37:20.000,2026-09-14 10:37:28.000,0.18,0.18,0.00
93056,HMMG - ADICIONAR INFORMAÇÃO - INTRANET - JULIMAR FERNANDES DE OLIVEIRA - 5936 - ,14,Sistemas,Intranet,Requisição,Média,Solucionado,2026-09-14 11:14:14.000,2026-09-14 11:55:09.000,,0.67,,
93093,HMMG - REVERTER STATUS DO PACIENTE - AMANDA CAROLINE FERRARI - 5806 - ,14,Sistemas,AGHU-X,Requisição,Média,Solucionado,2026-09-14 13:51:25.000,2026-09-14 16:14:04.000,,2.37,,
93098,HMMG - Gostaria de solicitar se o login do AGHU no nome do funcionario Anderson Rodrigo de Araujo  - Luciana oliveira - 5943 - ,14,Sistemas,AGHU,Requisição,Média,Solucionado,2026-09-14 14:23:08.000,2026-09-16 10:10:34.000,,43.78,,
93107,"HMMG - Paciente no censo de internados, porém já recebeu alta  - Taliliane Crispiniani - 5765 - ",14,Sistemas,,Requisição,Média,Solucionado,2026-09-14 15:22:20.000,2026-09-14 16:31:32.000,,1.15,,
93118,HMMG - PACIENTE EXCLUÍDA DO SISTEMA AGHU - GABRIEL DE CAMPOS BERNARDES - 5919 - ,14,Sistemas,AGHU-X,Incidente,Média,Solucionado,2026-09-14 16:14:10.000,2026-09-16 09:47:54.000,,41.55,,
93159,[Intranet / Site] [Site RMG] Atualização-ROBERTA PRADO RAMOS - CONVENIOS ,14,Sistemas,Intranet,Requisição,Média,Solucionado,2026-09-15 08:47:03.000,2026-09-16 11:39:55.000,,26.87,,
93201,[Sistemas] Outro — Medica com problema em prosseguir com a ficha do paciente Adeilson,14,Sistemas,AGHU-X,Requisição,Média,Solucionado,2026-09-15 11:10:57.000,2026-09-15 11:54:26.000,,0.72,,
93205,[Intranet / Site] [Intranet HMMG] Atualização-Wanderleny Gouvêa - patrimonio rede,14,Sistemas,,Requisição,Média,Solucionado,2026-09-15 11:30:58.000,2026-09-16 10:25:58.000,,22.92,,
93210,[Intranet / Site] [Intranet HMMG] Inclusão-karla almeida - NQSP,14,Sistemas,,Requisição,Média,Solucionado,2026-09-15 11:46:25.000,2026-09-16 09:00:33.000,,21.23,,
93212,[Intranet / Site] [Intranet HMMG] Inclusão-Beatriz Carolina Medeiros - Humanização,14,Sistemas,Intranet,Requisição,Média,Solucionado,2026-09-15 12:10:30.000,2026-09-16 10:59:29.000,,22.80,,
93213,[Intranet / Site] [Intranet CHPEO] Inclusão-Beatriz Carolina Medeiros - Humanização,14,Sistemas,Intranet,Requisição,Média,Solucionado,2026-09-15 12:12:06.000,2026-09-16 10:58:27.000,,22.77,,
93214,AGHU X /  - Erro genérico ao tentar imprimir ficha do paciente - Emilly,14,Sistemas,AGHU-X,Requisição,Média,Solucionado,2026-09-15 12:17:13.000,2026-09-21 11:17:45.000,,143.00,,
93216,[Intranet / Site] [Intranet HMMG] Inclusão-Wanderleny Gouvêa - patrimonio rede,14,Sistemas,Intranet,Requisição,Média,Solucionado,2026-09-15 12:22:22.000,2026-09-16 11:01:56.000,,22.65,,
93217,[Intranet / Site] [Intranet CHPEO] Inclusão-Wanderleny Gouvêa - patrimonio rede,14,Sistemas,Intranet,Requisição,Média,Solucionado,2026-09-15 12:23:49.000,2026-09-16 11:47:03.000,,23.38,,
93230,[Intranet / Site] [Intranet HMMG] Inclusão-Karla Cristina de Almeida - NSP,14,Sistemas,Intranet,Requisição,Média,Solucionado,2026-09-15 14:25:39.000,2026-09-17 08:49:13.000,,42.38,,
93232,Análise de itens - API Exames,14,Sistemas,API Exames,Requisição,Média,Fechado,2026-09-15 14:46:28.000,2026-09-16 10:06:03.000,2026-09-16 10:06:20.000,19.32,19.32,0.00
93255,HMMG - paciente de alta no sistema e não sai do senso aghu - CARLA SILVA DE MIRANDA - 5904 - ,14,Sistemas,AGHU-X,Incidente,Média,Solucionado,2026-09-15 16:28:19.000,2026-09-21 12:53:09.000,,140.40,,
93257,Inserção de cards e documentos na área do hospital ouro verde,14,Sistemas,Nova Intranet,Requisição,Média,Fechado,2026-09-15 16:34:40.000,2026-09-21 09:02:42.000,2026-09-21 09:02:50.000,136.47,136.47,0.00
93285,HMMG - cnes não abre - Jenifer stefani de oliveira queiroz -  - 4384,14,Sistemas,CNES,Incidente,Média,Solucionado,2026-09-16 07:32:39.000,2026-09-16 10:07:49.000,,2.58,,
93296,HMMG - Problemas na evolução médica - mistura de informações de outro paciente na evolução - Ana Carolina - 5904 - ,14,Sistemas,AGHU-X,Requisição,Média,Solucionado,2026-09-16 08:16:38.000,2026-09-18 15:34:13.000,,55.28,,
93299,"HMMG - DRA Mariana fez uma evolução no prontuario do paciente Alcides Volpe Neto ,porem precisa cancelar  - Mariana Peralta Pereira  - 4370 - ",14,Sistemas,AGHU-X,Requisição,Média,Solucionado,2026-09-16 08:43:16.000,2026-09-18 17:05:33.000,,56.37,,
93309,[Intranet / Site] [Intranet HMMG] Acesso-ALESSANDRA ALMEIDA RISSO - PSA VERDE,14,Sistemas,AGHU-X,Requisição,Média,Solucionado,2026-09-16 09:49:17.000,2026-09-16 10:54:22.000,,1.08,,
93314,Extração de relatório quinzenal,14,Sistemas,API Exames,Requisição,Alta,Fechado,2026-09-16 09:56:47.000,2026-09-17 13:21:06.000,2026-09-17 13:21:13.000,27.40,27.40,0.00
93317,Ficha duplicada no atendimento da emergência PSI - HMMG,14,Sistemas,AGHU-X,Requisição,Média,Solucionado,2026-09-16 10:22:43.000,2026-09-17 08:41:27.000,,22.30,,
93322,[Intranet / Site] [Site RMG] Inclusão-ROBERTA PRADO RAMOS - CONVENIOS ,14,Sistemas,Publicação em Sites,Requisição,Média,Solucionado,2026-09-16 11:09:17.000,2026-09-21 13:12:49.000,,122.05,,
93336,[Intranet / Site] [Intranet CHPEO] Atualização-Wanderleny Gouvêa - patrimonio rede,14,Sistemas,,Requisição,Média,Solucionado,2026-09-16 12:06:43.000,2026-09-16 15:54:39.000,,3.78,,
93337,HMMG - Paciente 304A FOI OBITO ONTEM MAS NÃO CONSEGUIMOS TIRA-LA DO AGHU  - Tainá Cavassana - 5809 - ,14,Sistemas,AGHU-X,Requisição,Média,Solucionado,2026-09-16 12:22:45.000,2026-09-17 12:30:33.000,,24.12,,
93339,[Intranet / Site] [Intranet HMMG] Remoção-Beatriz Carolina Medeiros - Humanização,14,Sistemas,,Requisição,Média,Solucionado,2026-09-16 12:31:40.000,2026-09-16 15:57:29.000,,3.42,,
93393,HMMG - LEITO NÃO ESTA NO CENSO - ANA CLAUDIA RODRIGUES - 5733 - ,14,Sistemas,AGHU-X,Requisição,Média,Solucionado,2026-09-16 22:58:11.000,2026-09-17 08:56:29.000,,9.97,,
93416,"HMMG - Retirar paciente extra do censo da uti adulto, paciente de alta ha 2 dias - Mirella Castro Dias - 5954 - ",14,Sistemas,AGHU-X,Incidente,Média,Solucionado,2026-09-17 08:43:38.000,2026-09-17 11:57:32.000,,3.22,,
93426,HMMG - PROBLEMAS NO SISTEMA  - Letícia Isabelly Resende Sousa da Silva  - 5932 - ,14,Sistemas,AGHU 6,Incidente,Média,Solucionado,2026-09-17 09:33:04.000,2026-09-21 15:23:17.000,,101.83,,
93460,HMMG - substituir arquivo na área de apoio - julia vieira -  - 19995099412,14,Sistemas,,Requisição,Média,Solucionado,2026-09-17 12:15:51.000,2026-09-17 15:31:02.000,,3.25,,
93469,HMMG - Fichas de atendimento da classificação de risco estão sendo impressas no nome da enfermeira Vanessa - Ana Carolina - 5904 - ,14,Sistemas,AGHU,Incidente,Média,Solucionado,2026-09-17 12:57:58.000,2026-09-17 16:16:03.000,,3.30,,
93491,[SCNES] Atualização de tabela Gatti e CHOV 17/09,14,Sistemas,SCNES,Incidente,Média,Solucionado,2026-09-17 15:35:42.000,2026-09-21 09:51:13.000,,90.25,,
93492,HMMG - FICHA TRAVADA PELO SISTEMA POR UMA PROFISSIONAL QUE NÃO ESTA DE PLANTÃO - RAFAEL LIMA - 4353 - ,14,Sistemas,AGHU-X,Requisição,Média,Solucionado,2026-09-17 15:40:52.000,2026-09-17 16:05:06.000,,0.40,,
93510,HMMG - dar alta para paciente que já saiu do hospital - joelma Luz - 5954 - ,14,Sistemas,AGHU-X,Incidente,Média,Solucionado,2026-09-17 19:52:02.000,2026-09-21 12:53:52.000,,89.02,,
93541,HMMG - Paciente foi a óbito a noite e não conseguimos tirar do sistema. Leito 314C - Tainá Cavassana - 5813 - ,14,Sistemas,AGHU-X,Requisição,Média,Solucionado,2026-09-18 08:17:30.000,2026-09-18 11:22:13.000,,3.07,,
93589,Indisponibilidade do Chatbot devido à versão do Node,14,Sistemas,Chatbot,Requisição,Média,Fechado,2026-09-18 11:41:06.000,2026-09-21 15:39:34.000,2026-09-21 15:39:40.000,75.97,75.97,0.00
93591,Documentação de sistemas,14,Sistemas,,Requisição,Média,Fechado,2026-09-18 11:50:41.000,2026-09-21 10:13:05.000,2026-09-21 10:35:32.000,70.37,70.73,0.37
93733,[Intranet / Site] [Intranet HMMG] Inclusão-Karla Cristina de Almeida - NQSP,14,Sistemas,Intranet,Requisição,Média,Solucionado,2026-09-21 07:44:22.000,2026-09-21 08:09:46.000,,0.42,,
93746,HMMG - STATUS DE PACIENTE - AMANDA CAROLINE FERRARI - 5806 - ,14,Sistemas,AGHU,Requisição,Média,Solucionado,2026-09-21 08:23:38.000,2026-09-21 09:50:18.000,,1.43,,
93747,HMMG - PACIENTE SINALIZADO  PORTADOR DE  GERME MULTIRRESSISTENTE  - VILMA - 5768 - ,14,Sistemas,AGHU-X,Incidente,Média,Planejado,2026-09-21 08:23:57.000,,,,,
93844,[CENTRAL ADMIN] Criação de cadastro e instrução para a utilizar a parte de convênios para a Juliana,14,Sistemas,Central Admin,Requisição,Média,Solucionado,2026-09-21 11:00:00.000,2026-09-21 15:53:45.000,,4.88,,
93799,[Intranet / Site] [Intranet HMMG] Atualização-Vitória Queiroz - Desenvolvimento de Pessoas - RH,14,Sistemas,,Incidente,Média,Solucionado,2026-09-21 11:29:42.000,2026-09-21 14:46:46.000,,3.28,,
93804,Relatorio de exames ,14,Sistemas,Relatórios,Requisição,Média,Fechado,2026-09-21 11:55:35.000,2026-09-21 15:56:05.000,2026-09-21 15:56:09.000,4.00,4.00,0.00
93825,AGHU X /  - Verificar como modificar a informação que aparece no laudo de exames do AGHU - Anderson Pajewski,14,Sistemas,AGHU-X,Incidente,Média,Novo,2026-09-21 13:33:38.000,,,,,
93852,Chatbot Whatsapp parou de responder aos comandos,14,Sistemas,Chatbot,Requisição,Média,Processando,2026-09-21 16:45:55.000,,,,,
93862,HMMG - efetivar alta no sistema - Joelma Campos - 5954 - ,14,Sistemas,AGHU-X,Requisição,Média,Solucionado,2026-09-21 18:42:07.000,2026-09-22 08:21:20.000,,13.65,,
93902,HMMG - ESPECIALIDADE MASTOLOGIA - AMANDA CAROLINE FERRARI - 5806 - ,14,Sistemas,AGHU-X,Requisição,Média,Solucionado,2026-09-22 08:53:02.000,2026-09-22 10:07:22.000,,1.23,,
93905,Erro de executionData ao iniciar n8n,14,Sistemas,Sistemas de Informação,Incidente,Alta,Solucionado,2026-09-22 09:24:15.000,2026-09-22 13:52:31.000,,4.47,,
93938,HMMG - INTRANET - JULIMAR FERNANDES DE OLIVEIRA - 5936 - ,14,Sistemas,Intranet,Requisição,Média,Solucionado,2026-09-22 11:48:01.000,2026-09-23 11:29:59.000,,23.68,,
93942,[Intranet / Site] [Intranet HMMG] Atualização-Beatriz - Brito,14,Sistemas,Intranet,Requisição,Média,Solucionado,2026-09-22 11:53:45.000,2026-09-22 12:37:57.000,,0.73,,
94085,DESENVOLVENDO AUTOMAÇÃO LOCALMENTE (REFERENTE AO CHAMADO 93802),14,Sistemas,Desenvolvimento de aplicações,Requisição,Média,Fechado,2026-09-22 12:00:00.000,2026-09-25 09:31:52.000,2026-09-25 09:31:59.000,69.52,69.52,0.00
93950,[Intranet / Site] [Site HMMG] Atualização-Beatriz de Brito Ferreira - NQDP,14,Sistemas,,Requisição,Média,Solucionado,2026-09-22 12:14:51.000,2026-09-23 11:20:24.000,,23.08,,
93954,[Intranet / Site] [Intranet HMMG] Atualização-Beatriz de Brito Ferreira - Núcleo de Segurança do Paciente,14,Sistemas,,Requisição,Média,Solucionado,2026-09-22 12:28:38.000,2026-09-23 11:21:10.000,,22.87,,
93959,[Intranet / Site] [Intranet HMMG] Atualização-Beatriz de Brito Ferreira - Núcleo de Segurança do Paciente,14,Sistemas,,Requisição,Média,Solucionado,2026-09-22 12:39:22.000,2026-09-23 11:18:43.000,,22.65,,
93960,[Intranet / Site] [Intranet HMMG] Atualização-Beatriz de Brito Ferreira - Núcleo de Segurança do Paciente,14,Sistemas,,Requisição,Média,Solucionado,2026-09-22 12:49:19.000,2026-09-23 11:19:13.000,,22.48,,
93961,[Intranet / Site] [Intranet HMMG] Atualização-Beatriz de Brito Ferreira - Núcleo de Segurança do Paciente,14,Sistemas,,Requisição,Média,Solucionado,2026-09-22 12:59:05.000,2026-09-23 11:19:37.000,,22.33,,
93969,Verificar status de relação de itens,14,Sistemas,API Exames,Requisição,Alta,Solucionado,2026-09-22 13:54:22.000,2026-09-24 15:55:09.000,,50.00,,
93985,HMMG - Colocar folder anexo na Intranet - Lucimeire G. Martini - 5880 - ,14,Sistemas,,Requisição,Média,Solucionado,2026-09-22 15:34:19.000,2026-09-23 11:27:27.000,,19.88,,
93988,HMMG - Retirar folder - Lucimeire G. Martini - 5880 - ,14,Sistemas,,Requisição,Média,Solucionado,2026-09-22 15:55:16.000,2026-09-23 11:26:18.000,,19.52,,
94014,[Intranet / Site] [Intranet HMMG] Atualização-Beatriz de Brito Ferreira - Núcleo de Segurança do Paciente,14,Sistemas,Intranet,Requisição,Média,Solucionado,2026-09-23 07:08:33.000,2026-09-23 11:18:12.000,,4.15,,
94015,[Intranet / Site] [Intranet HMMG] Atualização-Beatriz de Brito Ferreira - Núcleo de Segurança do Paciente,14,Sistemas,Intranet,Requisição,Média,Solucionado,2026-09-23 07:18:48.000,2026-09-23 11:17:41.000,,3.97,,
94020,[Intranet / Site] [Intranet HMMG] Atualização-Beatriz de Brito Ferreira - Núcleo de Segurança do Paciente,14,Sistemas,Intranet,Requisição,Média,Solucionado,2026-09-23 07:51:08.000,2026-09-23 11:17:23.000,,3.43,,
94024,HMMG - PROBLEMA EM APARECER 2 DIETAS (ENTERAL + VIA ORAL) NO MAPA DE DIETA  - NATALIA CAROLINE DE AZEVEDO - 5820 - ,14,Sistemas,AGHU-X,Incidente,Média,Novo,2026-09-23 08:07:38.000,,,,,
94026,[Intranet / Site] [Intranet HMMG] Atualização-Beatriz de Brito Ferreira - Núcleo de Segurança do Paciente,14,Sistemas,Intranet,Requisição,Média,Solucionado,2026-09-23 08:28:12.000,2026-09-23 11:17:07.000,,2.80,,
94036,[Intranet / Site] [Intranet HMMG] Atualização-Beatriz de Brito Ferreira - Núcleo de Segurança do Paciente,14,Sistemas,Intranet,Requisição,Média,Solucionado,2026-09-23 08:51:42.000,2026-09-23 11:16:49.000,,2.42,,
94043,Erro na central admin,14,Sistemas,Central Admin,Requisição,Média,Fechado,2026-09-23 09:11:01.000,2026-09-23 11:46:12.000,2026-09-23 11:46:40.000,2.58,2.58,0.00
94048,[Intranet / Site] [Intranet HMMG] Atualização-Beatriz de Brito Ferreira  - Núcleo de Segurança do Paciente,14,Sistemas,Intranet,Requisição,Média,Solucionado,2026-09-23 09:15:00.000,2026-09-23 11:13:58.000,,1.97,,
94063,[Intranet / Site] [Intranet HMMG] Atualização-Beatriz de Brito Ferreira - Núcleo de Segurança do Paciente,14,Sistemas,Intranet,Requisição,Média,Solucionado,2026-09-23 09:59:40.000,2026-09-23 11:14:57.000,,1.25,,
94068,[Intranet / Site] [Intranet HMMG] Atualização-Beatriz de Brito Ferreira - Núcleo de Segurança do Paciente,14,Sistemas,Intranet,Requisição,Média,Solucionado,2026-09-23 10:10:52.000,2026-09-23 11:16:23.000,,1.08,,
94076,HMMG - RELATÓRIO - JULIMAR FERNANDES DE OLIVEIRA - 5936 - ,14,Sistemas,Relatórios Externos,Requisição,Média,Fechado,2026-09-23 10:49:00.000,2026-09-25 13:38:27.000,2026-09-25 13:38:40.000,50.82,50.82,0.00
94117,REALIZAÇÃO DO DEPLOY DA AUTOMAÇÃO (REFERENTE AO CHAMADO 94085),14,Sistemas,Desenvolvimento de aplicações,Requisição,Média,Fechado,2026-09-23 12:00:00.000,2026-09-24 08:45:10.000,2026-09-24 08:46:54.000,20.75,20.77,0.02
94106,Erro no motivo de internação ,14,Sistemas,AGHU-X,Requisição,Média,Fechado,2026-09-23 15:26:34.000,2026-09-23 15:32:59.000,2026-09-23 15:33:06.000,0.10,0.10,0.00
94109,Adequação laudo quimioterapia - campo 58,14,Sistemas,APAC Oncologia,Requisição,Média,Solucionado,2026-09-23 15:32:51.000,2026-09-25 10:52:04.000,,43.32,,
94119,Atualização semanal CNES - GATTI,14,Sistemas,,Requisição,Média,Fechado,2026-09-23 16:14:53.000,2026-09-24 14:44:44.000,2026-09-24 14:44:56.000,22.48,22.50,0.00
94120,Atualização semanal CNES - CHOV,14,Sistemas,,Requisição,Média,Fechado,2026-09-23 16:16:11.000,2026-09-24 14:45:36.000,2026-09-24 14:45:41.000,22.48,22.48,0.00
94126,[Sistemas] Outro — Paciente Carlos Marcos do leito 11E Sumiu do Censo,14,Sistemas,AGHU-X,Requisição,Alta,Solucionado,2026-09-23 17:10:03.000,2026-09-23 17:17:32.000,,0.12,,
94135,AGHU X /  - Paciente não aparece na lista de pacientes - Prontuário 1136709 - KATIA CLAUDIA NONATO - Anderson Pajewski,14,Sistemas,,Incidente,Média,Fechado,2026-09-23 20:31:16.000,2026-09-23 20:56:02.000,2026-09-23 20:56:14.000,0.40,0.40,0.00
94154,[Intranet / Site] [Intranet HMMG] Inclusão-Beatriz Carolina Medeiros - Humanização,14,Sistemas,,Incidente,Média,Solucionado,2026-09-24 08:38:53.000,2026-09-24 09:00:19.000,,0.35,,
94160,Revisão de pipelines/automações,14,Sistemas,n8n,Requisição,Média,Solucionado,2026-09-24 09:05:29.000,2026-09-25 09:33:38.000,,24.47,,
94168,Atividade não é vigente para o período informado.,14,Sistemas,AGHU-X,Requisição,Média,Solucionado,2026-09-24 09:42:46.000,2026-09-25 08:55:33.000,,23.20,,
94181,HMMG - retirar 2 pacientes de alta do censo - Mirella Castro Dias - 5954 - ,14,Sistemas,AGHU-X,Requisição,Média,Solucionado,2026-09-24 10:31:22.000,2026-09-24 16:34:16.000,,6.03,,
94237,Análise de erro no envio de exames,14,Sistemas,API Exames,Requisição,Média,Fechado,2026-09-24 12:00:00.000,2026-09-30 12:23:38.000,2026-09-30 12:24:16.000,144.38,144.40,0.00
94225,Publicação de arquivo na intranet do CHOV,14,Sistemas,Publicação,Requisição,Média,Solucionado,2026-09-24 13:29:43.000,2026-09-25 15:20:44.000,,25.85,,
94230,CHPEO - Publicar na Intranet do CHPEO folder anexo  - Lucimeire Graziela Martini - 5880 -  ,14,Sistemas,Publicação,Requisição,Média,Solucionado,2026-09-24 13:41:53.000,2026-09-28 08:12:34.000,,90.50,,
94231,CHPEO - Retirar da intranet o folder do Correio do bem do CHPEO  - Lucimeire Martini - 5880 -  ,14,Sistemas,Publicação,Requisição,Média,Solucionado,2026-09-24 13:45:22.000,2026-09-28 08:09:57.000,,90.40,,
94235,Análise de erros de envio,14,Sistemas,API Exames,Requisição,Média,Planejado,2026-09-24 14:20:45.000,,,,,
94238,HMMG - PACIENTE TEVE ALTA E NÃO SAI DO SISTEMA - FÁBIO DA COSTA SILVA -  - 5908,14,Sistemas,AGHU-X,Incidente,Média,Solucionado,2026-09-24 14:44:34.000,2026-09-25 09:21:37.000,,18.62,,
94240,Erro de 'Regra de negócio violada',14,Sistemas,AGHU-X,Requisição,Média,Solucionado,2026-09-24 15:03:10.000,2026-09-25 09:24:27.000,,18.35,,
94247,HMMG - Cruzamento de dados da planilha informada com atendimento médico no AGHU  - Mary Cristina Hernandez Xavier -  - 19995897135,14,Sistemas,AGHU-X,Requisição,Média,Novo,2026-09-24 15:42:36.000,,,,,
94256,Inserção de arquivos na Intrachov,14,Sistemas,Intranet,Requisição,Média,Solucionado,2026-09-24 16:38:35.000,2026-09-25 15:17:58.000,,22.65,,
94300,Criação de arquivos em pipelines,14,Sistemas,n8n,Requisição,Baixa,Processando,2026-09-25 09:33:49.000,,,,,
94301,[Sistemas] Outro — Paciente MultiR - NICODEMUS RODRIGUES DE FREITAS JUNIOR - 2185254,14,Sistemas,AGHU-X,Incidente,Média,Planejado,2026-09-25 09:34:08.000,,,,,
94324,HMMG - Paciente não consta no censo do AGHU - Beatriz Eduarda do Valle Moreira - 4642 - ,14,Sistemas,AGHU-X,Requisição,Média,Solucionado,2026-09-25 11:52:43.000,2026-09-25 14:05:00.000,,2.20,,
94326,HMMG - Falha ao dar alta no para paciente  - Beatriz Eduarda do Valle Moreira - 4642 - ,14,Sistemas,AGHU-X,Requisição,Média,Solucionado,2026-09-25 11:56:59.000,2026-09-25 15:09:48.000,,3.20,,
94299,AJUSTE DE ALTERAÇÕES SOLICITADAS (REFERENTE AO CHAMADO 94117),14,Sistemas,Desenvolvimento de aplicações,Requisição,Média,Fechado,2026-09-25 12:00:00.000,2026-09-25 16:33:36.000,2026-09-25 16:33:50.000,4.55,4.55,0.00
94332,[Intranet / Site] [Intranet CHPEO] Atualização-Fernanda Eleutério - SCIH,14,Sistemas,Publicação,Requisição,Média,Solucionado,2026-09-25 12:37:51.000,2026-09-25 15:08:45.000,,2.50,,
94359,"HMMG - PACIENTE INTERNADO NO CENTRO CIRURGICO, POREM NAO ENCONTRADO PARA FAZER A EVOLUCAO PELO NIR - LUCIANA MARRON  - 5847 - ",14,Sistemas,AGHU-X,Requisição,Média,Solucionado,2026-09-25 14:59:56.000,2026-09-25 15:45:39.000,,0.75,,
94365,Alteração na página APAC para retirar o nome fantasia do estabelecimento e retirar o CNES,14,Sistemas,APAC,Requisição,Média,Solucionado,2026-09-25 15:20:21.000,2026-09-25 15:21:46.000,,0.02,,
94449,CHPEO - ALTA DA INTERNAÇÃO   - CLÉIA GONÇALVES DA SILVA - 8342 -  ,14,Sistemas,AGHU-X,Requisição,Média,Solucionado,2026-09-27 16:37:21.000,2026-09-29 16:22:34.000,,47.75,,
94461,[Sistemas] Outro — Paciente não aparece no censo da neuro no AGHUX,14,Sistemas,AGHU,Incidente,Média,Solucionado,2026-09-27 18:13:37.000,2026-09-28 09:06:57.000,,14.88,,
94471,HMMG - SCNES ESTÁ FORA - Emanuelle Correia Pinto Da Silva  - 4384 - ,14,Sistemas,CNES,Requisição,Média,Solucionado,2026-09-28 07:26:59.000,2026-09-28 09:21:54.000,,1.90,,
94487,[Intranet / Site] [Intranet HMMG] Remoção-Beatriz Carolina Medeiros - Humanização,14,Sistemas,Intranet,Requisição,Média,Solucionado,2026-09-28 08:10:11.000,2026-09-28 08:30:17.000,,0.33,,
94507,[Intranet / Site] [Intranet HMMG] Atualização-Karla Cristina de Almeida - NQSP,14,Sistemas,Intranet,Requisição,Média,Solucionado,2026-09-28 08:59:20.000,2026-09-28 10:00:38.000,,1.02,,
94538,Publicação processo seletivo ,14,Sistemas,Publicação em Sites,Requisição,Média,Fechado,2026-09-28 10:36:57.000,2026-09-28 10:39:36.000,2026-09-28 10:39:42.000,0.03,0.03,0.00
94548,[Intranet / Site] [Intranet HMMG] Remoção-Beatriz de Brito Ferreira - NÚCLEO DE SEGURANÇA DO PACIENTE (NSP),14,Sistemas,Intranet,Requisição,Média,Solucionado,2026-09-28 10:51:04.000,2026-09-28 11:44:26.000,,0.88,,
94551,CHPEO - LENTIDÃO  - THAYRYNE HALUANE  - 8332 -  ,14,Sistemas,AGHU-X,Requisição,Média,Solucionado,2026-09-28 10:59:36.000,2026-09-28 15:22:35.000,,4.37,,
94558,[Intranet / Site] [Intranet HMMG] Remoção-Beatriz de Brito Ferreira - NÚCLEO DE SEGURANÇA DO PACIENTE (NSP),14,Sistemas,Intranet,Requisição,Média,Solucionado,2026-09-28 11:08:36.000,2026-09-28 11:43:39.000,,0.58,,
94567,[Intranet / Site] [Intranet HMMG] Remoção-Beatriz de Brito Ferreira - NÚCLEO DE SEGURANÇA DO PACIENTE (NSP),14,Sistemas,Intranet,Requisição,Média,Solucionado,2026-09-28 11:36:07.000,2026-09-29 08:52:59.000,,21.27,,
94568,Criação de tabela de setores no banco,14,Sistemas,GLPEffort,Requisição,Alta,Planejado,2026-09-28 11:42:51.000,,,,,
94622,[Intranet / Site] [Intranet HMMG] Atualização-Jane  - NQSP,14,Sistemas,Publicação em Sites,Requisição,Média,Solucionado,2026-09-28 14:44:43.000,2026-09-29 08:45:02.000,,18.00,,
94627,[Intranet / Site] [Intranet HMMG] Atualização-Jane - NQSP,14,Sistemas,Intranet,Requisição,Média,Solucionado,2026-09-28 14:50:47.000,2026-09-29 08:51:20.000,,18.00,,
94630,[Intranet / Site] [Intranet HMMG] Atualização-Jane  - NQSP,14,Sistemas,Intranet,Requisição,Média,Solucionado,2026-09-28 14:59:20.000,2026-09-29 08:50:51.000,,17.85,,
94631,HMMG - Colocar folder na intranet - Lucimeire Graziela Martini - 5880 - ,14,Sistemas,,Incidente,Média,Solucionado,2026-09-28 15:01:35.000,2026-09-28 15:29:45.000,,0.47,,
94636,[AGHU X GATTI] Criação de query para dar alta administrativa no PS após a ficha ficar aberta 72 horas,14,Sistemas,AGHU-X,Requisição,Média,Novo,2026-09-28 15:07:28.000,,,,,
94638,[Intranet / Site] [Intranet HMMG] Atualização-Jane - NQSP,14,Sistemas,Intranet,Requisição,Média,Solucionado,2026-09-28 15:18:53.000,2026-09-29 08:49:05.000,,17.50,,
94642,[Intranet / Site] [Intranet HMMG] Atualização-Jane - NQSP,14,Sistemas,Intranet,Requisição,Média,Solucionado,2026-09-28 15:24:06.000,2026-09-29 08:48:26.000,,17.40,,
94643,[Intranet / Site] [Intranet HMMG] Atualização-Jane  - NQSP,14,Sistemas,Publicação em Sites,Requisição,Média,Solucionado,2026-09-28 15:28:31.000,2026-09-29 08:47:00.000,,17.30,,
94715,Atualização do cnes,14,Sistemas,CNES,Incidente,Média,Solucionado,2026-09-29 10:02:39.000,2026-09-30 10:09:01.000,,24.10,,
94728,HMMG - Paciente sinalizado portador de germe multirresistente. Deseja continuar? - VILMA - 5768 - ,14,Sistemas,AGHU-X,Incidente,Média,Planejado,2026-09-29 10:32:37.000,,,,,
94786,HMMG -  ficha nao entra no sistema da triagem  - carina  - 5789 - ,14,Sistemas,,Incidente,Média,Planejado,2026-09-29 14:47:55.000,,,,,
94788,HMMG - Paciente sinalizado portador de germe multirresistente - carina  - 5788 - ,14,Sistemas,,Incidente,Média,Planejado,2026-09-29 14:50:50.000,,,,,
94797,HMMG - Extração da lista de especialidades - Mary Cristina Hernandez Xavier -  - 19995897135,14,Sistemas,AGHU-X,Requisição,Média,Solucionado,2026-09-29 15:39:48.000,2026-09-30 09:48:56.000,,18.15,,
94800,[SCNES] Atualização de tabela Gatti e CHOV 29/09 para exportação de tabela,14,Sistemas,CNES,Requisição,Média,Solucionado,2026-09-29 16:32:08.000,2026-09-30 09:45:31.000,,17.22,,
